INSERT INTO category (id, name) VALUES
(1, 'RPG'),
(2, 'Sandbox'),
(3, 'Ação'),
(4, 'Aventura'),
(5, 'Esporte'),
(6, 'Tiro'),
(7, 'Battle Royale'),
(8, 'MOBA'),
(9, 'Party Game'),
(10, 'Terror'),
(11, 'Plataforma'),
(12, 'Simulação'),
(15, 'Mundo Aberto'),
(17, 'Sobrevivência'),
(18, 'Criativo'),
(20, 'Hack and Slash'),
(21, 'Corrida'),
(22, 'Faroeste'),
(27, 'Stealth'),
(29, 'Narrativa'),
(30, 'Cooperativo'),
(31, 'Estratégia'),
(32, 'Roguelike'),
(33, 'Puzzle'),
(35, 'Metroidvania'),
(36, 'Soulslike'),
(37, 'FPS'),
(38, 'MMORPG'),
(39, 'Esportes Radicais'),
(40, 'Educativo'),
(43, 'batata');

INSERT INTO developer (id, name) VALUES
(1, 'CD Projekt Red'),
(2, 'Mojang Studios'),
(3, 'Santa Monica Studio'),
(4, 'Rockstar Games'),
(5, 'EA Sports'),
(6, 'Ubisoft'),
(7, 'FromSoftware'),
(8, 'Infinity Ward'),
(9, 'Epic Games'),
(10, 'Riot Games'),
(11, 'InnerSloth'),
(12, 'Nintendo'),
(13, 'Capcom'),
(14, 'Naughty Dog'),
(15, 'Blizzard Entertainment');

INSERT INTO games (id, name, description, price, release_date, developer_id, image_id) VALUES
(1, 'The Witcher 3', 'The Witcher 3: Wild Hunt é um RPG de mundo aberto premiado, com uma narrativa profunda e ramificada. Jogue como Geralt de Rívia, um caçador de monstros em busca de sua filha adotiva, enfrentando criaturas místicas e dilemas morais complexos em um universo sombrio e vibrante.', 99.90, '2015-05-19', 1, 1),
(2, 'Minecraft', 'Minecraft é um jogo de construção e sobrevivência onde você pode explorar mundos infinitos, minerar recursos, criar estruturas e enfrentar criaturas perigosas. Com modos criativo e sobrevivência, ele permite total liberdade para criar e modificar o ambiente ao seu redor.', 79.90, '2011-11-18', 2, 2),
(3, 'God of War', 'Em God of War, Kratos inicia uma nova jornada nas terras nórdicas ao lado de seu filho Atreus. Combinando combate brutal, quebra-cabeças ambientais e uma narrativa emocional, o jogo oferece uma experiência épica de ação em terceira pessoa com mitologia rica.', 119.90, '2018-04-20', 3, 3),
(4, 'GTA V', 'Grand Theft Auto V leva você à cidade vibrante de Los Santos em uma história interativa com três protagonistas. Complete missões perigosas, explore livremente o mundo aberto, dirija carros incríveis e interaja com uma cidade cheia de vida e caos urbano.', 89.90, '2013-09-17', 4, 4),
(5, 'Red Dead Redemption 2', 'Red Dead Redemption 2 é uma obra-prima cinematográfica que mergulha os jogadores no Velho Oeste americano. Siga a história de Arthur Morgan enquanto lida com lealdade, honra e sobrevivência, em um mundo ricamente detalhado com fauna, clima e interações realistas.', 129.90, '2018-10-26', 4, 5),
(6, 'Horizon Zero Dawn', 'Horizon Zero Dawn apresenta uma heroína carismática, Aloy, em um mundo onde máquinas gigantes dominam a paisagem. Explore terras exuberantes, use estratégias para caçar robôs e descubra os segredos por trás da queda da civilização humana.', 99.90, '2017-02-28', 3, 6),
(7, 'EA SPORTS FC™ 25', 'EA SPORTS FC™ 25 oferece uma experiência de futebol realista com novos gráficos, física aprimorada e modos de jogo competitivos. Jogue partidas com times oficiais, monte seu time dos sonhos e participe de campeonatos online com autenticidade de transmissão esportiva.', 299.90, '2023-09-29', 5, 7),
(8, 'Assassin''s Creed Valhalla', 'Assassin''s Creed Valhalla coloca você na pele de Eivor, um guerreiro viking em busca de um novo lar na Inglaterra. Explore terras antigas, participe de batalhas épicas e molde alianças enquanto vive uma história envolvente com elementos históricos e mitológicos.', 139.90, '2020-11-10', 6, 8),
(9, 'Elden Ring', 'Elden Ring é um RPG de ação desafiador ambientado em um vasto mundo aberto repleto de mistérios, segredos e inimigos mortais. Criado em colaboração com George R. R. Martin, o jogo apresenta uma rica mitologia e liberdade de exploração nunca vista na série Souls.', 249.90, '2022-02-25', 7, 9),
(10, 'Call of Duty: Modern Warfare II', 'Call of Duty: Modern Warfare II traz tiroteios intensos e missões cinematográficas em uma campanha envolvente. Além disso, o multiplayer oferece variedade tática, modos competitivos e customização de armas para combates de alta adrenalina.', 279.90, '2019-10-25', 8, 10),
(11, 'Cyberpunk 2077', 'Cyberpunk 2077 é um RPG futurista ambientado na megacidade de Night City, onde tecnologia e decadência se misturam. Jogue como V, um mercenário em ascensão, e escolha seu caminho em uma narrativa imersiva com múltiplas possibilidades e finais.', 119.90, '2020-12-10', 1, 11),
(12, 'Fortnite', 'Fortnite é um jogo battle royale vibrante e gratuito que mistura construção estratégica com combates frenéticos. Entre em partidas com até 100 jogadores, construa fortificações em tempo real e desbloqueie visuais e conteúdos novos em eventos temáticos constantes.', NULL, '2017-07-21', 9, 12),
(13, 'League of Legends', 'League of Legends é um MOBA competitivo onde equipes de cinco jogadores enfrentam-se em arenas com estratégias variadas. Escolha entre mais de 150 campeões, cada um com habilidades únicas, e coordene jogadas táticas para dominar o campo de batalha.', NULL, '2009-10-27', 10, 13),
(14, 'Valorant', 'Valorant é um FPS tático gratuito que combina precisão de tiro com habilidades únicas dos agentes. Monte sua equipe, plante ou desarme bombas e coordene estratégias em rodadas intensas, exigindo trabalho em equipe e raciocínio rápido.', NULL, '2020-06-02', 10, 14),
(15, 'Among Us', 'Among Us é um jogo de dedução social onde você e seus amigos precisam completar tarefas em uma nave espacial — mas cuidado, pois há impostores entre vocês! Discuta, vote e tente identificar os traidores antes que seja tarde demais.', 19.90, '2018-11-16', 11, 15),
(16, 'Overwatch 2', 'Overwatch 2 é um jogo de tiro em equipe onde heróis únicos batalham em modos objetivos dinâmicos. Com gráficos renovados e novas mecânicas, escolha seu personagem com base em sua função e colabore para alcançar a vitória em partidas emocionantes.', NULL, '2022-10-04', 15, 16),
(17, 'Resident Evil 4 Remake', 'Resident Evil 4 Remake reimagina o clássico do terror com gráficos modernos e jogabilidade refinada. Assuma o papel de Leon S. Kennedy em uma missão para resgatar a filha do presidente dos EUA e enfrente horrores inimagináveis em vilarejos sombrios.', 249.90, '2023-03-24', 13, 17),
(18, 'The Last of Us Part II', 'The Last of Us Part II é uma narrativa intensa e emocional que segue Ellie em uma jornada por vingança e redenção. Ambientado em um mundo pós-apocalíptico brutal, o jogo oferece jogabilidade furtiva, combate visceral e reflexões profundas sobre humanidade.', 149.90, '2020-06-19', 14, 18),
(19, 'Super Mario Odyssey', 'Super Mario Odyssey é uma aventura colorida onde Mario viaja por diversos reinos com seu chapéu mágico, Cappy. Resolva desafios criativos, colete luas e explore ambientes vibrantes enquanto salva a Princesa Peach mais uma vez.', 199.90, '2017-10-27', 12, 19),
(20, 'Animal Crossing: New Horizons', 'Animal Crossing: New Horizons permite que você crie sua própria ilha paradisíaca. Construa, decore, socialize com personagens encantadores e personalize cada detalhe do seu ambiente em um jogo relaxante com eventos sazonais e progressão livre.', 249.90, '2020-03-20', 12, 20);

INSERT INTO game_category (game_id, category_id) VALUES
(1,1),(1,4),(1,15),
(2,2),(2,15),(2,17),(2,18),
(3,3),(3,4),(3,20),
(4,3),(4,6),(4,15),
(5,4),(5,15),(5,22),
(6,1),(6,4),(6,6),
(7,5),
(8,1),(8,3),
(9,1),(9,15),(9,36),
(10,6),(10,37),
(11,1),
(12,6),(12,7),
(13,8),
(14,6),(14,37),
(15,9),(15,30),
(16,8),(16,37),
(17,10),(17,17),
(18,3),(18,10),(18,17),
(19,4),(19,11),
(20,12),(20,18);

INSERT INTO user_status (id, name) VALUES
(1, 'admin'),
(2, 'user');

INSERT INTO users (id, email, nickname, password, user_status) VALUES
(1, 'admin@supremo.com', 'adm_supremo', '$2b$10$a7ixvE3QI8rdlg4W0CvbyOq2zyFpjTOMfj3R6B6YdyVBY5GRctCq.', 1),
(2, 'exemplo@email.com', 'Xandoka', '$2b$10$upD3/xV6z7pbgousJTJqZu.SaeXuKq8OZLTvQYAkjf6wCmkcp3mV2', 2),
(4, 'xandoka2009@gmail.com', 'Ale', '$2b$10$z04HvxyiG8N.w59OnHSq1uwRnu6gOS8wGBFrb2kMEZzuEmOpgqsP2', 2);
